chemin, class, methode1, methode_LOC, methode_CLOC, methode_DC
C:\Users\mystn\eclipse-workspace\Correcteur\src\Correcteur.java,,isManagingFocus,4,0,0.0
C:\Users\mystn\eclipse-workspace\Correcteur\src\Correcteur.java,,mouseClicked,24,6,0.25
C:\Users\mystn\eclipse-workspace\Correcteur\src\Correcteur.java,Correcteur,menuBar,24,2,0.08333333333333333
C:\Users\mystn\eclipse-workspace\Correcteur\src\Correcteur.java,,actionPerformed,4,1,0.25
C:\Users\mystn\eclipse-workspace\Correcteur\src\Correcteur.java,Correcteur,creerChoix,16,4,0.25
C:\Users\mystn\eclipse-workspace\Correcteur\src\Correcteur.java,Correcteur,actionPerformed,69,13,0.18840579710144928
C:\Users\mystn\eclipse-workspace\Correcteur\src\Correcteur.java,Correcteur,ouvrir,10,0,0.0
C:\Users\mystn\eclipse-workspace\Correcteur\src\Correcteur.java,Correcteur,enregistrer,6,0,0.0
C:\Users\mystn\eclipse-workspace\Correcteur\src\Correcteur.java,Correcteur,verifier,47,9,0.19148936170212766
C:\Users\mystn\eclipse-workspace\Correcteur\src\Correcteur.java,Correcteur,distance,20,0,0.0
C:\Users\mystn\eclipse-workspace\Correcteur\src\Correcteur.java,Correcteur,highlight,23,5,0.21739130434782608
C:\Users\mystn\eclipse-workspace\Correcteur\src\Correcteur.java,Correcteur,removeHighlights,9,0,0.0
C:\Users\mystn\eclipse-workspace\Correcteur\src\Correcteur.java,Correcteur,main,4,0,0.0
C:\Users\mystn\eclipse-workspace\Correcteur\src\ListeMot.java,ListeMot,afficher,8,0,0.0
C:\Users\mystn\eclipse-workspace\Correcteur\src\ListeMot.java,ListeMot,afficherSous,8,0,0.0
C:\Users\mystn\eclipse-workspace\Correcteur\src\ListeMot.java,ListeMot,size,3,0,0.0
C:\Users\mystn\eclipse-workspace\Correcteur\src\ListeMot.java,ListeMot,ajouter,11,0,0.0
C:\Users\mystn\eclipse-workspace\Correcteur\src\ListeMot.java,ListeMot,ajouter,81,6,0.07407407407407407
C:\Users\mystn\eclipse-workspace\Correcteur\src\ListeMot.java,ListeMot,existe,10,0,0.0
C:\Users\mystn\eclipse-workspace\Correcteur\src\ListeMot.java,ListeMot,getRemplaceListe,12,2,0.16666666666666666
C:\Users\mystn\eclipse-workspace\Correcteur\src\ListeMot.java,ListeMot,toArray,11,0,0.0
C:\Users\mystn\eclipse-workspace\Correcteur\src\ListeMot.java,ListeMot,clear,5,0,0.0
C:\Users\mystn\eclipse-workspace\Correcteur\src\Noeud.java,Noeud,afficher,20,0,0.0
C:\Users\mystn\eclipse-workspace\Correcteur\src\Noeud.java,Noeud,afficherSous,12,0,0.0
C:\Users\mystn\eclipse-workspace\Correcteur\src\Test.java,Test,main,28,2,0.07142857142857142
C:\Users\mystn\eclipse-workspace\Correcteur\src\Test.java,Test,distance,20,0,0.0
C:\Users\mystn\eclipse-workspace\Correcteur\src\TextAreaHighlight.java,TextAreaHighlight,highlight,17,3,0.17647058823529413
C:\Users\mystn\eclipse-workspace\Correcteur\src\TextAreaHighlight.java,TextAreaHighlight,removeHighlights,9,0,0.0
C:\Users\mystn\eclipse-workspace\Correcteur\src\TextAreaHighlight.java,TextAreaHighlight,main,6,1,0.16666666666666666
C:\Users\mystn\eclipse-workspace\Correcteur\src\TextAreaTest.java,,isManagingFocus,4,0,0.0
C:\Users\mystn\eclipse-workspace\Correcteur\src\TextAreaTest.java,,mouseClicked,28,8,0.2857142857142857
C:\Users\mystn\eclipse-workspace\Correcteur\src\TextAreaTest.java,,caretUpdate,7,0,0.0
C:\Users\mystn\eclipse-workspace\Correcteur\src\TextAreaTest.java,,keyPressed,4,0,0.0
C:\Users\mystn\eclipse-workspace\Correcteur\src\TextAreaTest.java,TextAreaTest,highlight,16,2,0.125
C:\Users\mystn\eclipse-workspace\Correcteur\src\TextAreaTest.java,TextAreaTest,removeHighlights,9,0,0.0
C:\Users\mystn\eclipse-workspace\Correcteur\src\TextAreaTest.java,TextAreaTest,distance,20,0,0.0
C:\Users\mystn\eclipse-workspace\Correcteur\src\TextAreaTest.java,TextAreaTest,main,48,7,0.14583333333333334
C:\Users\mystn\eclipse-workspace\Dev1\src\Afficher.java,Afficher,main,8,0,0.0
C:\Users\mystn\eclipse-workspace\Dev1\src\Afficher.java,Afficher,genererLgn,7,0,0.0
C:\Users\mystn\eclipse-workspace\Dev1\src\Dev1.java,Dev1,main,45,27,0.6
C:\Users\mystn\eclipse-workspace\Dev4\src\Cercle.java,Cercle,paintComponent,6,0,0.0
C:\Users\mystn\eclipse-workspace\Dev4\src\Cercle.java,Cercle,setStart,4,0,0.0
C:\Users\mystn\eclipse-workspace\Dev4\src\Cercle.java,Cercle,calculerRadius,3,0,0.0
C:\Users\mystn\eclipse-workspace\Dev4\src\Cercle.java,Cercle,mousePressed,5,0,0.0
C:\Users\mystn\eclipse-workspace\Dev4\src\Cercle.java,Cercle,mouseDragged,4,0,0.0
C:\Users\mystn\eclipse-workspace\Dev4\src\Cercle.java,Cercle,mouseClicked,1,0,0.0
C:\Users\mystn\eclipse-workspace\Dev4\src\Cercle.java,Cercle,mouseEntered,1,0,0.0
C:\Users\mystn\eclipse-workspace\Dev4\src\Cercle.java,Cercle,mouseExited,1,0,0.0
C:\Users\mystn\eclipse-workspace\Dev4\src\Cercle.java,Cercle,mouseReleased,1,0,0.0
C:\Users\mystn\eclipse-workspace\Dev4\src\Cercle.java,Cercle,mouseMoved,1,0,0.0
C:\Users\mystn\eclipse-workspace\Dev4\src\Cercle.java,Cercle,main,4,0,0.0
C:\Users\mystn\eclipse-workspace\Dev4\src\Clavier.java,Clavier,main,31,1,0.03225806451612903
C:\Users\mystn\eclipse-workspace\Dev4\src\Clavier.java,Clavier,paintComponent,5,0,0.0
C:\Users\mystn\eclipse-workspace\Dev4\src\Clavier.java,Clavier,actionPerformed,16,1,0.0625
C:\Users\mystn\eclipse-workspace\dev4test\src\dev4test\Cercle.java,Cercle,rayon,3,0,0.0
C:\Users\mystn\eclipse-workspace\dev4test\src\dev4test\Cercle.java,Cercle,paint,4,0,0.0
C:\Users\mystn\eclipse-workspace\dev4test\src\dev4test\Cercle.java,Cercle,mouseDragged,6,2,0.3333333333333333
C:\Users\mystn\eclipse-workspace\dev4test\src\dev4test\Cercle.java,Cercle,mouseMoved,1,0,0.0
C:\Users\mystn\eclipse-workspace\dev4test\src\dev4test\Cercle.java,Cercle,setVisible,3,0,0.0
C:\Users\mystn\eclipse-workspace\dev4test\src\dev4test\Cercle.java,Cercle,main,4,0,0.0
C:\Users\mystn\eclipse-workspace\dev4tst\src\dev4tst\Cercle.java,dev4tst.Cercle,paintComponent,6,0,0.0
C:\Users\mystn\eclipse-workspace\dev4tst\src\dev4tst\Cercle.java,dev4tst.Cercle,setStart,4,0,0.0
C:\Users\mystn\eclipse-workspace\dev4tst\src\dev4tst\Cercle.java,dev4tst.Cercle,calculerRadius,3,0,0.0
C:\Users\mystn\eclipse-workspace\dev4tst\src\dev4tst\Cercle.java,dev4tst.Cercle,mousePressed,5,0,0.0
C:\Users\mystn\eclipse-workspace\dev4tst\src\dev4tst\Cercle.java,dev4tst.Cercle,mouseDragged,4,0,0.0
C:\Users\mystn\eclipse-workspace\dev4tst\src\dev4tst\Cercle.java,dev4tst.Cercle,mouseClicked,1,0,0.0
C:\Users\mystn\eclipse-workspace\dev4tst\src\dev4tst\Cercle.java,dev4tst.Cercle,mouseEntered,1,0,0.0
C:\Users\mystn\eclipse-workspace\dev4tst\src\dev4tst\Cercle.java,dev4tst.Cercle,mouseExited,1,0,0.0
C:\Users\mystn\eclipse-workspace\dev4tst\src\dev4tst\Cercle.java,dev4tst.Cercle,mouseReleased,1,0,0.0
C:\Users\mystn\eclipse-workspace\dev4tst\src\dev4tst\Cercle.java,dev4tst.Cercle,mouseMoved,1,0,0.0
C:\Users\mystn\eclipse-workspace\dev4tst\src\dev4tst\Cercle.java,dev4tst.Cercle,main,14,1,0.07142857142857142
C:\Users\mystn\eclipse-workspace\dev4tst\src\dev4tst\Clavier.java,dev4tst.Clavier,actionPerformed,6,4,0.6666666666666666
C:\Users\mystn\eclipse-workspace\dev4tst\src\dev4tst\Clavier.java,dev4tst.Clavier,setVisible,3,0,0.0
C:\Users\mystn\eclipse-workspace\dev4tst\src\dev4tst\Clavier.java,dev4tst.Clavier,main,4,0,0.0
C:\Users\mystn\eclipse-workspace\Devoir5\src\Dictionnaire.java,Dictionnaire,ajouter,29,5,0.1724137931034483
C:\Users\mystn\eclipse-workspace\Devoir5\src\Dictionnaire.java,Dictionnaire,existe,77,20,0.2597402597402597
C:\Users\mystn\eclipse-workspace\Devoir5\src\Dictionnaire.java,Dictionnaire,lireDict,66,9,0.13636363636363635
C:\Users\mystn\eclipse-workspace\Devoir5\src\Dictionnaire.java,Dictionnaire,verifier,89,13,0.14606741573033707
C:\Users\mystn\eclipse-workspace\Devoir5\src\Dictionnaire.java,Dictionnaire,position,9,0,0.0
C:\Users\mystn\eclipse-workspace\Devoir5\src\MotExistantException.java,MotExistantException,getMot,3,0,0.0
C:\Users\mystn\eclipse-workspace\Devoir5\src\MotNonExistantException.java,MotNonExistantException,getMot,3,0,0.0
C:\Users\mystn\eclipse-workspace\Devoir5\src\MotNonExistantException.java,MotNonExistantException,getPosition,3,0,0.0
C:\Users\mystn\eclipse-workspace\Devoir5\src\Test.java,Test,main,35,5,0.14285714285714285
C:\Users\mystn\eclipse-workspace\GYM\src\logicielGym\AjoutSeance.java,logicielGym.AjoutSeance,validerCodeService,22,4,0.18181818181818182
C:\Users\mystn\eclipse-workspace\GYM\src\logicielGym\AjoutSeance.java,logicielGym.AjoutSeance,getNomService,23,4,0.17391304347826086
C:\Users\mystn\eclipse-workspace\GYM\src\logicielGym\AjoutSeance.java,logicielGym.AjoutSeance,verifierNumeroProf,30,5,0.16666666666666666
C:\Users\mystn\eclipse-workspace\GYM\src\logicielGym\AjoutSeance.java,logicielGym.AjoutSeance,verifierCodeSeance,26,11,0.4230769230769231
C:\Users\mystn\eclipse-workspace\GYM\src\logicielGym\ConsultationSeance.java,logicielGym.ConsultationSeance,verifierNumeroProf,28,5,0.17857142857142858
C:\Users\mystn\eclipse-workspace\GYM\src\logicielGym\CreationCompte.java,logicielGym.CreationCompte,creationMembre,4,3,0.75
C:\Users\mystn\eclipse-workspace\GYM\src\logicielGym\CreationCompte.java,logicielGym.CreationCompte,creationProfessionnel,4,3,0.75
C:\Users\mystn\eclipse-workspace\GYM\src\logicielGym\CreationCompte.java,logicielGym.CreationCompte,afficherInfo,4,3,0.75
C:\Users\mystn\eclipse-workspace\GYM\src\logicielGym\CreationCompte.java,logicielGym.CreationCompte,payerFrais,7,4,0.5714285714285714
C:\Users\mystn\eclipse-workspace\GYM\src\logicielGym\Gym.java,logicielGym.Gym,main,69,6,0.08695652173913043
C:\Users\mystn\eclipse-workspace\GYM\src\logicielGym\Gym.java,logicielGym.Gym,validerNumeroMembre,12,5,0.4166666666666667
C:\Users\mystn\eclipse-workspace\GYM\src\logicielGym\Gym.java,logicielGym.Gym,afficherMenu,22,3,0.13636363636363635
C:\Users\mystn\eclipse-workspace\GYM\src\logicielGym\Gym.java,logicielGym.Gym,creationCompte,35,5,0.14285714285714285
C:\Users\mystn\eclipse-workspace\GYM\src\logicielGym\Gym.java,logicielGym.Gym,saisieDonnees,27,6,0.2222222222222222
C:\Users\mystn\eclipse-workspace\GYM\src\logicielGym\Gym.java,logicielGym.Gym,visterGym,10,2,0.2
C:\Users\mystn\eclipse-workspace\GYM\src\logicielGym\Gym.java,logicielGym.Gym,inscriptionSeance,19,6,0.3157894736842105
C:\Users\mystn\eclipse-workspace\GYM\src\logicielGym\Gym.java,logicielGym.Gym,validerInscription,13,4,0.3076923076923077
C:\Users\mystn\eclipse-workspace\GYM\src\logicielGym\Gym.java,logicielGym.Gym,consulterSeance,15,8,0.5333333333333333
C:\Users\mystn\eclipse-workspace\GYM\src\logicielGym\Gym.java,logicielGym.Gym,rechercheService,8,1,0.125
C:\Users\mystn\eclipse-workspace\GYM\src\logicielGym\Gym.java,logicielGym.Gym,procComptable,4,1,0.25
C:\Users\mystn\eclipse-workspace\GYM\src\logicielGym\Gym.java,logicielGym.Gym,ajoutSeance,52,0,0.0
C:\Users\mystn\eclipse-workspace\GYM\src\logicielGym\Gym.java,logicielGym.Gym,listeServices,10,0,0.0
C:\Users\mystn\eclipse-workspace\GYM\src\logicielGym\Gym.java,logicielGym.Gym,verifierLongueur,8,0,0.0
C:\Users\mystn\eclipse-workspace\GYM\src\logicielGym\InscriptionSeance.java,logicielGym.InscriptionSeance,validerCodeSeance,29,5,0.1724137931034483
C:\Users\mystn\eclipse-workspace\GYM\src\logicielGym\InscriptionSeance.java,logicielGym.InscriptionSeance,validerCapacite,28,6,0.21428571428571427
C:\Users\mystn\eclipse-workspace\GYM\src\logicielGym\Membre.java,logicielGym.Membre,creationMembre,51,15,0.29411764705882354
C:\Users\mystn\eclipse-workspace\GYM\src\logicielGym\Membre.java,logicielGym.Membre,afficherInfo,13,3,0.23076923076923078
C:\Users\mystn\eclipse-workspace\GYM\src\logicielGym\Membre.java,logicielGym.Membre,payerFrais,9,3,0.3333333333333333
C:\Users\mystn\eclipse-workspace\GYM\src\logicielGym\ProcedureComptable.java,logicielGym.ProcedureComptable,genererFichiersMembres,84,12,0.14285714285714285
C:\Users\mystn\eclipse-workspace\GYM\src\logicielGym\ProcedureComptable.java,logicielGym.ProcedureComptable,genererFichierProf,84,12,0.14285714285714285
C:\Users\mystn\eclipse-workspace\GYM\src\logicielGym\ProcedureComptable.java,logicielGym.ProcedureComptable,genererSynthese,71,10,0.14084507042253522
C:\Users\mystn\eclipse-workspace\GYM\src\logicielGym\ProcedureComptable.java,logicielGym.ProcedureComptable,getCout,21,6,0.2857142857142857
C:\Users\mystn\eclipse-workspace\GYM\src\logicielGym\ProcedureComptable.java,logicielGym.ProcedureComptable,getNomService,20,6,0.3
C:\Users\mystn\eclipse-workspace\GYM\src\logicielGym\ProcedureComptable.java,logicielGym.ProcedureComptable,getNomProf,24,6,0.25
C:\Users\mystn\eclipse-workspace\GYM\src\logicielGym\ProcedureComptable.java,logicielGym.ProcedureComptable,getNomMembre,19,1,0.05263157894736842
C:\Users\mystn\eclipse-workspace\GYM\src\logicielGym\Professionnel.java,logicielGym.Professionnel,creationProfessionnel,40,10,0.25
C:\Users\mystn\eclipse-workspace\GYM\src\logicielGym\Professionnel.java,logicielGym.Professionnel,afficherInfo,11,3,0.2727272727272727
C:\Users\mystn\eclipse-workspace\GYM\src\logicielGym\Professionnel.java,logicielGym.Professionnel,getCodeProf,3,0,0.0
C:\Users\mystn\eclipse-workspace\GYM\src\logicielGym\ProfessionnelTest.java,logicielGym.ProfessionnelTest,setup,4,0,0.0
C:\Users\mystn\eclipse-workspace\GYM\src\logicielGym\ProfessionnelTest.java,logicielGym.ProfessionnelTest,test,8,0,0.0
C:\Users\mystn\eclipse-workspace\GYM\src\logicielGym\SelectionSeance.java,logicielGym.SelectionSeance,afficherListeSeance,72,7,0.09722222222222222
C:\Users\mystn\eclipse-workspace\GYM\src\logicielGym\Services.java,logicielGym.Services,afficherMenu,21,4,0.19047619047619047
C:\Users\mystn\eclipse-workspace\GYM\src\logicielGym\Services.java,logicielGym.Services,afficherListeService,22,6,0.2727272727272727
C:\Users\mystn\eclipse-workspace\GYM\src\logicielGym\Services.java,logicielGym.Services,ajouterService,50,12,0.24
C:\Users\mystn\eclipse-workspace\GYM\src\logicielGym\SimulationAppMobile.java,logicielGym.SimulationAppMobile,menuOption,22,4,0.18181818181818182
C:\Users\mystn\eclipse-workspace\GYM\src\logicielGym\SimulationAppMobile.java,logicielGym.SimulationAppMobile,inscription,33,7,0.21212121212121213
C:\Users\mystn\eclipse-workspace\GYM\src\logicielGym\SimulationAppMobile.java,logicielGym.SimulationAppMobile,creerEnregistrement,50,9,0.18
C:\Users\mystn\eclipse-workspace\GYM\src\logicielGym\SimulationAppMobile.java,logicielGym.SimulationAppMobile,lireDateDebutService,25,7,0.28
C:\Users\mystn\eclipse-workspace\GYM\src\logicielGym\SimulationAppMobile.java,logicielGym.SimulationAppMobile,afficherListeService,22,6,0.2727272727272727
C:\Users\mystn\eclipse-workspace\GYM\src\logicielGym\SimulationAppMobile.java,logicielGym.SimulationAppMobile,seConnecter,12,4,0.3333333333333333
C:\Users\mystn\eclipse-workspace\GYM\src\logicielGym\SimulationAppMobile.java,logicielGym.SimulationAppMobile,authentification,40,7,0.175
C:\Users\mystn\eclipse-workspace\GYM\src\logicielGym\SimulationAppMobile.java,logicielGym.SimulationAppMobile,afficherInfoMembre,38,7,0.18421052631578946
C:\Users\mystn\eclipse-workspace\GYM\src\logicielGym\SimulationAppMobile.java,logicielGym.SimulationAppMobile,ecrireQR,16,5,0.3125
C:\Users\mystn\eclipse-workspace\GYM\src\logicielGym\SimulationAppMobile.java,logicielGym.SimulationAppMobile,menuProf,39,10,0.2564102564102564
C:\Users\mystn\eclipse-workspace\GYM\src\logicielGym\SimulationAppMobile.java,logicielGym.SimulationAppMobile,trouverNumSeance,29,9,0.3103448275862069
C:\Users\mystn\eclipse-workspace\GYM\src\logicielGym\SimulationAppMobile.java,logicielGym.SimulationAppMobile,afficherSeance,34,4,0.11764705882352941
C:\Users\mystn\eclipse-workspace\GYM\src\logicielGym\SimulationAppMobile.java,logicielGym.SimulationAppMobile,verifierCodePro,36,8,0.2222222222222222
C:\Users\mystn\eclipse-workspace\GYM\src\logicielGym\SimulationAppMobile.java,logicielGym.SimulationAppMobile,genererQR,11,6,0.5454545454545454
C:\Users\mystn\eclipse-workspace\GYM\src\logicielGym\ValidationInscription.java,logicielGym.ValidationInscription,validerCodeSeance,21,6,0.2857142857142857
C:\Users\mystn\eclipse-workspace\GYM\src\logicielGym\ValidationNumeroMembre.java,logicielGym.ValidationNumeroMembre,validerMembre,15,4,0.26666666666666666
C:\Users\mystn\eclipse-workspace\GYM\src\logicielGym\VisiteGym.java,logicielGym.VisiteGym,verifierValidite,21,4,0.19047619047619047
C:\Users\mystn\eclipse-workspace\GYM\src\logicielGym\VisiteGym.java,logicielGym.VisiteGym,openFile,23,6,0.2608695652173913
C:\Users\mystn\eclipse-workspace\GYM\src\logicielGym\VisiteGym.java,logicielGym.VisiteGym,docCount,13,7,0.5384615384615384
C:\Users\mystn\eclipse-workspace\GYM\src\logicielGym\VisiteGym.java,logicielGym.VisiteGym,listerFichier,12,7,0.5833333333333334
C:\Users\mystn\eclipse-workspace\GYM\src\logicielGym\VisiteGym.java,logicielGym.VisiteGym,checkFile,16,6,0.375
C:\Users\mystn\eclipse-workspace\GYM\src\tests\AjoutSeanceTest.java,tests.AjoutSeanceTest,setup,33,2,0.06060606060606061
C:\Users\mystn\eclipse-workspace\GYM\src\tests\AjoutSeanceTest.java,tests.AjoutSeanceTest,test,10,0,0.0
C:\Users\mystn\eclipse-workspace\GYM\src\tests\MembreTest.java,tests.MembreTest,testPayerFrais,4,0,0.0
C:\Users\mystn\eclipse-workspace\GYM\src\tests\RechercheCodeServiceTest.java,tests.RechercheCodeServiceTest,setup,47,5,0.10638297872340426
C:\Users\mystn\eclipse-workspace\GYM\src\tests\RechercheCodeServiceTest.java,tests.RechercheCodeServiceTest,test,5,0,0.0
C:\Users\mystn\eclipse-workspace\GYM\src\tests\VisiteGymTest.java,tests.VisiteGymTest,setup,5,0,0.0
C:\Users\mystn\eclipse-workspace\GYM\src\tests\VisiteGymTest.java,tests.VisiteGymTest,testListerFichier,4,0,0.0
C:\Users\mystn\eclipse-workspace\GYM\src\tests\VisiteGymTest.java,tests.VisiteGymTest,testCheckFile,4,0,0.0
C:\Users\mystn\eclipse-workspace\HelloWorld\src\HelloWorld.java,HelloWorld,main,4,1,0.25
C:\Users\mystn\eclipse-workspace\Index\src\Engin.java,Engin,main,26,1,0.038461538461538464
C:\Users\mystn\eclipse-workspace\Index\src\Engin.java,Engin,lireFichier,20,2,0.1
C:\Users\mystn\eclipse-workspace\Index\src\Engin.java,Engin,listeFichier,23,2,0.08695652173913043
C:\Users\mystn\eclipse-workspace\Index\src\Engin.java,Engin,enregistrer,5,0,0.0
C:\Users\mystn\eclipse-workspace\Index\src\Engin.java,Engin,indexer,29,3,0.10344827586206896
C:\Users\mystn\eclipse-workspace\Index\src\Engin.java,Engin,indexerInv,4,0,0.0
C:\Users\mystn\eclipse-workspace\Index\src\Engin.java,Engin,afficher,4,0,0.0
C:\Users\mystn\eclipse-workspace\Index\src\Engin.java,Engin,getTexteXml,5,0,0.0
C:\Users\mystn\eclipse-workspace\Index\src\Engin.java,Engin,rechercher,79,21,0.26582278481012656
C:\Users\mystn\eclipse-workspace\Index\src\Engin.java,Engin,QuickSort,30,7,0.23333333333333334
C:\Users\mystn\eclipse-workspace\Index\src\Index.java,Index,afficher,13,0,0.0
C:\Users\mystn\eclipse-workspace\Index\src\Index.java,Index,size,3,0,0.0
C:\Users\mystn\eclipse-workspace\Index\src\Index.java,Index,ajouterMots,27,3,0.1111111111111111
C:\Users\mystn\eclipse-workspace\Index\src\Index.java,Index,ajouterDoc,22,5,0.22727272727272727
C:\Users\mystn\eclipse-workspace\Index\src\Index.java,Index,QuickSort,30,7,0.23333333333333334
C:\Users\mystn\eclipse-workspace\Index\src\Index.java,Index,calcIF,14,0,0.0
C:\Users\mystn\eclipse-workspace\Index\src\Index.java,Index,getXml,26,0,0.0
C:\Users\mystn\eclipse-workspace\Index\src\IndexInv.java,IndexInv,afficher,13,0,0.0
C:\Users\mystn\eclipse-workspace\Index\src\IndexInv.java,IndexInv,clear,5,0,0.0
C:\Users\mystn\eclipse-workspace\Index\src\IndexInv.java,IndexInv,size,3,0,0.0
C:\Users\mystn\eclipse-workspace\Index\src\IndexInv.java,IndexInv,rechercher,15,3,0.2
C:\Users\mystn\eclipse-workspace\Index\src\IndexInv.java,IndexInv,calcIFIDF,16,0,0.0
C:\Users\mystn\eclipse-workspace\Index\src\IndexInv.java,IndexInv,updateIndex,14,1,0.07142857142857142
C:\Users\mystn\eclipse-workspace\Index\src\IndexInv.java,IndexInv,updateMetricIndex,18,0,0.0
C:\Users\mystn\eclipse-workspace\Index\src\IndexInv.java,IndexInv,construireIndex,68,18,0.2647058823529412
C:\Users\mystn\eclipse-workspace\Index\src\Liste.java,Liste,afficher,1,0,0.0
C:\Users\mystn\eclipse-workspace\Index\src\Liste.java,Liste,ajouter,1,0,0.0
C:\Users\mystn\eclipse-workspace\Index\src\Liste.java,Liste,clear,1,0,0.0
C:\Users\mystn\eclipse-workspace\Index\src\Liste.java,Liste,size,1,0,0.0
C:\Users\mystn\eclipse-workspace\Index\src\Liste.java,Liste,total,1,0,0.0
C:\Users\mystn\eclipse-workspace\Index\src\ListeDoc.java,ListeDoc,afficher,8,0,0.0
C:\Users\mystn\eclipse-workspace\Index\src\ListeDoc.java,ListeDoc,size,3,0,0.0
C:\Users\mystn\eclipse-workspace\Index\src\ListeDoc.java,ListeDoc,total,3,0,0.0
C:\Users\mystn\eclipse-workspace\Index\src\ListeDoc.java,ListeDoc,ajouter,13,0,0.0
C:\Users\mystn\eclipse-workspace\Index\src\ListeDoc.java,ListeDoc,ajouter,13,0,0.0
C:\Users\mystn\eclipse-workspace\Index\src\ListeDoc.java,ListeDoc,enlever,33,0,0.0
C:\Users\mystn\eclipse-workspace\Index\src\ListeDoc.java,ListeDoc,cloneListe,10,0,0.0
C:\Users\mystn\eclipse-workspace\Index\src\ListeDoc.java,ListeDoc,toArray,13,0,0.0
C:\Users\mystn\eclipse-workspace\Index\src\ListeDoc.java,ListeDoc,clear,5,0,0.0
C:\Users\mystn\eclipse-workspace\Index\src\ListeMot.java,ListeMot,afficher,8,0,0.0
C:\Users\mystn\eclipse-workspace\Index\src\ListeMot.java,ListeMot,size,3,0,0.0
C:\Users\mystn\eclipse-workspace\Index\src\ListeMot.java,ListeMot,total,3,0,0.0
C:\Users\mystn\eclipse-workspace\Index\src\ListeMot.java,ListeMot,addFrequence,3,0,0.0
C:\Users\mystn\eclipse-workspace\Index\src\ListeMot.java,ListeMot,ajouter,13,0,0.0
C:\Users\mystn\eclipse-workspace\Index\src\ListeMot.java,ListeMot,clear,5,0,0.0
C:\Users\mystn\eclipse-workspace\Index\src\Noeud.java,Noeud,afficher,1,0,0.0
C:\Users\mystn\eclipse-workspace\Index\src\NoeudEnf.java,NoeudEnf,afficher,8,0,0.0
C:\Users\mystn\eclipse-workspace\Index\src\NoeudPar.java,NoeudPar,afficher,12,0,0.0
C:\Users\mystn\eclipse-workspace\Mesure\src\TestTest.java,TestTest,listeFichier,23,2,0.08695652173913043
C:\Users\mystn\eclipse-workspace\Mesure\src\TestTest.java,TestTest,lireFichier,23,2,0.08695652173913043
C:\Users\mystn\eclipse-workspace\Mesure\src\TestTest.java,TestTest,lire,26,3,0.11538461538461539
C:\Users\mystn\eclipse-workspace\Mesure\src\TestTest.java,TestTest,mesurer,18,1,0.05555555555555555
C:\Users\mystn\eclipse-workspace\Mesure\src\TestTest.java,TestTest,main,45,34,0.7555555555555555
C:\Users\mystn\eclipse-workspace\Metrique\src\main\java\Metrique\Library.java,Metrique.Library,someLibraryMethod,3,0,0.0
C:\Users\mystn\eclipse-workspace\Metrique\src\main\java\Metrique\Main.java,Metrique.Main,findJavaFilesFromDirectory,10,4,0.4
C:\Users\mystn\eclipse-workspace\Metrique\src\main\java\Metrique\Main.java,Metrique.Main,getFileList,10,6,0.6
C:\Users\mystn\eclipse-workspace\Metrique\src\main\java\Metrique\Main.java,Metrique.Main,main,27,7,0.25925925925925924
C:\Users\mystn\eclipse-workspace\Metrique\src\main\java\Metrique\Metrique.java,Metrique.Metrique,visitFile,29,6,0.20689655172413793
C:\Users\mystn\eclipse-workspace\Metrique\src\main\java\Metrique\Metrique.java,Metrique.Metrique,getClassReport,13,5,0.38461538461538464
C:\Users\mystn\eclipse-workspace\Metrique\src\main\java\Metrique\Metrique.java,Metrique.Metrique,getMethodReports,13,5,0.38461538461538464
C:\Users\mystn\eclipse-workspace\Metrique\src\main\java\Metrique\RapportClasses.java,Metrique.RapportClasses,getHeader,6,3,0.5
C:\Users\mystn\eclipse-workspace\Metrique\src\main\java\Metrique\RapportClasses.java,Metrique.RapportClasses,toString,10,0,0.0
C:\Users\mystn\eclipse-workspace\Metrique\src\main\java\Metrique\RapportMethodes.java,Metrique.RapportMethodes,getDC,6,3,0.5
C:\Users\mystn\eclipse-workspace\Metrique\src\main\java\Metrique\RapportMethodes.java,Metrique.RapportMethodes,getHeader,6,3,0.5
C:\Users\mystn\eclipse-workspace\Metrique\src\main\java\Metrique\RapportMethodes.java,Metrique.RapportMethodes,toString,14,0,0.0
C:\Users\mystn\eclipse-workspace\Metrique\src\main\java\Metrique\Visiteur.java,Metrique.Visiteur,visit,14,0,0.0
C:\Users\mystn\eclipse-workspace\Metrique\src\main\java\Metrique\Visiteur.java,Metrique.Visiteur,visit,5,0,0.0
C:\Users\mystn\eclipse-workspace\Metrique\src\main\java\Metrique\Visiteur.java,Metrique.Visiteur,visit,8,3,0.375
C:\Users\mystn\eclipse-workspace\Metrique\src\main\java\Metrique\Visiteur.java,Metrique.Visiteur,visitClassLike,16,3,0.1875
C:\Users\mystn\eclipse-workspace\Metrique\src\main\java\Metrique\Visiteur.java,Metrique.Visiteur,getMethodParentPath,9,3,0.3333333333333333
C:\Users\mystn\eclipse-workspace\Metrique\src\main\java\Metrique\Visiteur.java,Metrique.Visiteur,getMethodSignature,6,3,0.5
C:\Users\mystn\eclipse-workspace\Metrique\src\main\java\Metrique\Visiteur.java,Metrique.Visiteur,getNodeLineCount,6,3,0.5
C:\Users\mystn\eclipse-workspace\Metrique\src\main\java\Metrique\Visiteur.java,Metrique.Visiteur,getRangeLine,6,3,0.5
C:\Users\mystn\eclipse-workspace\Metrique\src\main\java\Metrique\Visiteur.java,Metrique.Visiteur,getJavaDocCommentLineCount,6,3,0.5
C:\Users\mystn\eclipse-workspace\Metrique\src\main\java\Metrique\Visiteur.java,Metrique.Visiteur,getCommentLineCount,11,3,0.2727272727272727
C:\Users\mystn\eclipse-workspace\Metrique\src\test\java\Metrique\LibraryTest.java,Metrique.LibraryTest,testSomeLibraryMethod,4,0,0.0
C:\Users\mystn\eclipse-workspace\MTFOmega\src\List.java,List,add_first,11,0,0.0
C:\Users\mystn\eclipse-workspace\MTFOmega\src\List.java,List,size,3,0,0.0
C:\Users\mystn\eclipse-workspace\MTFOmega\src\List.java,List,head,3,0,0.0
C:\Users\mystn\eclipse-workspace\MTFOmega\src\List.java,List,setFirst,3,0,0.0
C:\Users\mystn\eclipse-workspace\MTFOmega\src\List.java,List,setSize,3,0,0.0
C:\Users\mystn\eclipse-workspace\MTFOmega\src\List.java,List,toString,16,0,0.0
C:\Users\mystn\eclipse-workspace\MTFOmega\src\List.java,List,moveToFront,25,0,0.0
C:\Users\mystn\eclipse-workspace\MTFOmega\src\List.java,List,moveToFrontDec,21,0,0.0
C:\Users\mystn\eclipse-workspace\MTFOmega\src\MTFOmega.java,MTFOmega,writeBit,8,2,0.25
C:\Users\mystn\eclipse-workspace\MTFOmega\src\MTFOmega.java,MTFOmega,clearBuffer,12,0,0.0
C:\Users\mystn\eclipse-workspace\MTFOmega\src\MTFOmega.java,MTFOmega,flush,9,0,0.0
C:\Users\mystn\eclipse-workspace\MTFOmega\src\MTFOmega.java,MTFOmega,encodeMTF,13,2,0.15384615384615385
C:\Users\mystn\eclipse-workspace\MTFOmega\src\MTFOmega.java,MTFOmega,decodeMTF,13,2,0.15384615384615385
C:\Users\mystn\eclipse-workspace\MTFOmega\src\MTFOmega.java,MTFOmega,encodeOmega,10,1,0.1
C:\Users\mystn\eclipse-workspace\MTFOmega\src\MTFOmega.java,MTFOmega,omega,10,0,0.0
C:\Users\mystn\eclipse-workspace\MTFOmega\src\MTFOmega.java,MTFOmega,ouvrir,21,4,0.19047619047619047
C:\Users\mystn\eclipse-workspace\MTFOmega\src\MTFOmega.java,MTFOmega,main,10,0,0.0
C:\Users\mystn\eclipse-workspace\MTFOmega\src\Node.java,Node,data,3,0,0.0
C:\Users\mystn\eclipse-workspace\MTFOmega\src\Node.java,Node,next,3,0,0.0
C:\Users\mystn\eclipse-workspace\MTFOmega\src\Node.java,Node,setNext,3,0,0.0
C:\Users\mystn\eclipse-workspace\MTFOmega\src\Node.java,Node,setData,3,0,0.0
C:\Users\mystn\eclipse-workspace\Personne\src\Etudiant.java,Etudiant,getUniversite,3,0,0.0
C:\Users\mystn\eclipse-workspace\Personne\src\Etudiant.java,Etudiant,toString,3,0,0.0
C:\Users\mystn\eclipse-workspace\Personne\src\EtudiantBac.java,EtudiantBac,toString,3,0,0.0
C:\Users\mystn\eclipse-workspace\Personne\src\EtudiantDoctorat.java,EtudiantDoctorat,toString,5,0,0.0
C:\Users\mystn\eclipse-workspace\Personne\src\EtudiantMaitrise.java,EtudiantMaitrise,toString,5,0,0.0
C:\Users\mystn\eclipse-workspace\Personne\src\Personne.java,Personne,getNom,3,0,0.0
C:\Users\mystn\eclipse-workspace\Personne\src\Personne.java,Personne,getAnnee,3,0,0.0
C:\Users\mystn\eclipse-workspace\Personne\src\Personne.java,Personne,getSexe,3,0,0.0
C:\Users\mystn\eclipse-workspace\Personne\src\Personne.java,Personne,getAge,3,0,0.0
C:\Users\mystn\eclipse-workspace\Personne\src\Personne.java,Personne,toString,3,0,0.0
C:\Users\mystn\eclipse-workspace\Personne\src\PersonneTest.java,PersonneTest,main,17,2,0.11764705882352941
C:\Users\mystn\eclipse-workspace\Personne\src\Professeur.java,Professeur,getRang,3,0,0.0
C:\Users\mystn\eclipse-workspace\Personne\src\Professeur.java,Professeur,getUniversite,3,0,0.0
C:\Users\mystn\eclipse-workspace\Personne\src\Professeur.java,Professeur,toString,3,0,0.0
C:\Users\mystn\eclipse-workspace\Population\src\AgeModel.java,AgeModel,toString,8,0,0.0
C:\Users\mystn\eclipse-workspace\Population\src\AgeModel.java,AgeModel,getSurvival,10,6,0.6
C:\Users\mystn\eclipse-workspace\Population\src\AgeModel.java,AgeModel,expectedParenthoodSpan,38,14,0.3684210526315789
C:\Users\mystn\eclipse-workspace\Population\src\AgeModel.java,AgeModel,randomWaitingTime,12,8,0.6666666666666666
C:\Users\mystn\eclipse-workspace\Population\src\AgeModel.java,AgeModel,randomAge,16,9,0.5625
C:\Users\mystn\eclipse-workspace\Population\src\AgeModel.java,AgeModel,main,37,9,0.24324324324324326
C:\Users\mystn\eclipse-workspace\Population\src\Event.java,Event,compareTo,4,0,0.0
C:\Users\mystn\eclipse-workspace\Population\src\Event.java,Event,getSubject,4,0,0.0
C:\Users\mystn\eclipse-workspace\Population\src\Event.java,Event,getType,4,0,0.0
C:\Users\mystn\eclipse-workspace\Population\src\Event.java,Event,getTime,4,0,0.0
C:\Users\mystn\eclipse-workspace\Population\src\Event.java,Event,getIdentString,4,0,0.0
C:\Users\mystn\eclipse-workspace\Population\src\Event.java,Event,toString,5,0,0.0
C:\Users\mystn\eclipse-workspace\Population\src\Event.java,Event,toString2,5,0,0.0
C:\Users\mystn\eclipse-workspace\Population\src\ItemTas.java,ItemTas,index,3,0,0.0
C:\Users\mystn\eclipse-workspace\Population\src\ItemTas.java,ItemTas,elem,3,0,0.0
C:\Users\mystn\eclipse-workspace\Population\src\ItemTas.java,ItemTas,priority,3,0,0.0
C:\Users\mystn\eclipse-workspace\Population\src\ItemTas.java,ItemTas,setIndex,3,0,0.0
C:\Users\mystn\eclipse-workspace\Population\src\ItemTas.java,ItemTas,setElement,3,0,0.0
C:\Users\mystn\eclipse-workspace\Population\src\ItemTas.java,ItemTas,setPriority,3,0,0.0
C:\Users\mystn\eclipse-workspace\Population\src\Sim.java,Sim,compareTo,11,6,0.5454545454545454
C:\Users\mystn\eclipse-workspace\Population\src\Sim.java,Sim,isMatingAge,18,7,0.3888888888888889
C:\Users\mystn\eclipse-workspace\Population\src\Sim.java,Sim,isInARelationship,11,6,0.5454545454545454
C:\Users\mystn\eclipse-workspace\Population\src\Sim.java,Sim,setDeath,4,0,0.0
C:\Users\mystn\eclipse-workspace\Population\src\Sim.java,Sim,getSex,4,0,0.0
C:\Users\mystn\eclipse-workspace\Population\src\Sim.java,Sim,getBirthTime,4,0,0.0
C:\Users\mystn\eclipse-workspace\Population\src\Sim.java,Sim,getDeathTime,4,0,0.0
C:\Users\mystn\eclipse-workspace\Population\src\Sim.java,Sim,setDeathTime,4,0,0.0
C:\Users\mystn\eclipse-workspace\Population\src\Sim.java,Sim,getMother,8,4,0.5
C:\Users\mystn\eclipse-workspace\Population\src\Sim.java,Sim,getFather,8,4,0.5
C:\Users\mystn\eclipse-workspace\Population\src\Sim.java,Sim,getMate,4,0,0.0
C:\Users\mystn\eclipse-workspace\Population\src\Sim.java,Sim,rndSex,5,0,0.0
C:\Users\mystn\eclipse-workspace\Population\src\Sim.java,Sim,setMate,1,0,0.0
C:\Users\mystn\eclipse-workspace\Population\src\Sim.java,Sim,isFounder,4,0,0.0
C:\Users\mystn\eclipse-workspace\Population\src\Sim.java,Sim,getIdentString,4,0,0.0
C:\Users\mystn\eclipse-workspace\Population\src\Sim.java,Sim,toString2,4,0,0.0
C:\Users\mystn\eclipse-workspace\Population\src\Sim.java,Sim,toString,5,0,0.0
C:\Users\mystn\eclipse-workspace\Population\src\Sim.java,Sim,getIndex,3,0,0.0
C:\Users\mystn\eclipse-workspace\Population\src\Simulation.java,Simulation,simulate,120,26,0.21666666666666667
C:\Users\mystn\eclipse-workspace\Population\src\Simulation.java,Simulation,coalesce,44,3,0.06818181818181818
C:\Users\mystn\eclipse-workspace\Population\src\Simulation.java,Simulation,main,11,0,0.0
C:\Users\mystn\eclipse-workspace\Population\src\TasBinaire.java,TasBinaire,insert,7,0,0.0
C:\Users\mystn\eclipse-workspace\Population\src\TasBinaire.java,TasBinaire,deleteMin,13,0,0.0
C:\Users\mystn\eclipse-workspace\Population\src\TasBinaire.java,TasBinaire,sink,17,0,0.0
C:\Users\mystn\eclipse-workspace\Population\src\TasBinaire.java,TasBinaire,swim,8,0,0.0
C:\Users\mystn\eclipse-workspace\Population\src\TasBinaire.java,TasBinaire,resize,8,0,0.0
C:\Users\mystn\eclipse-workspace\Population\src\TasBinaire.java,TasBinaire,set,4,0,0.0
C:\Users\mystn\eclipse-workspace\Population\src\TasBinaire.java,TasBinaire,delete,18,0,0.0
C:\Users\mystn\eclipse-workspace\Population\src\TasBinaire.java,TasBinaire,sinkSwim,8,0,0.0
C:\Users\mystn\eclipse-workspace\Population\src\TasBinaire.java,TasBinaire,parent,3,0,0.0
C:\Users\mystn\eclipse-workspace\Population\src\TasBinaire.java,TasBinaire,parent_pr,3,0,0.0
C:\Users\mystn\eclipse-workspace\Population\src\TasBinaire.java,TasBinaire,left_child,3,0,0.0
C:\Users\mystn\eclipse-workspace\Population\src\TasBinaire.java,TasBinaire,lc_pr,6,0,0.0
C:\Users\mystn\eclipse-workspace\Population\src\TasBinaire.java,TasBinaire,right_child,3,0,0.0
C:\Users\mystn\eclipse-workspace\Population\src\TasBinaire.java,TasBinaire,rc_pr,6,0,0.0
C:\Users\mystn\eclipse-workspace\Population\src\TasBinaire.java,TasBinaire,size,3,0,0.0
C:\Users\mystn\eclipse-workspace\Population\src\TasBinaire.java,TasBinaire,prettyPrint,14,0,0.0
C:\Users\mystn\eclipse-workspace\Population\src\TasBinaire.java,TasBinaire,toString,12,0,0.0
C:\Users\mystn\eclipse-workspace\Population\src\TasBinaire.java,TasBinaire,getLevel,3,0,0.0
C:\Users\mystn\eclipse-workspace\Population\src\TasBinaire.java,TasBinaire,isEmpty,3,0,0.0
C:\Users\mystn\eclipse-workspace\Population\src\TasBinaire.java,TasBinaire,getItem,3,0,0.0
C:\Users\mystn\eclipse-workspace\PowerGenerator\src\PowerGenerator.java,PowerGenerator,nextPower,6,3,0.5
C:\Users\mystn\eclipse-workspace\PowerGenerator\src\PowerGeneratorTest.java,PowerGeneratorTest,main,12,0,0.0
C:\Users\mystn\eclipse-workspace\PowerIterator\src\PowerIterator.java,PowerIterator,main,15,0,0.0
C:\Users\mystn\eclipse-workspace\ShortestPath\src\ListNode.java,ListNode,add,10,0,0.0
C:\Users\mystn\eclipse-workspace\ShortestPath\src\ListNode.java,ListNode,size,3,0,0.0
C:\Users\mystn\eclipse-workspace\ShortestPath\src\ListNode.java,ListNode,head,3,0,0.0
C:\Users\mystn\eclipse-workspace\ShortestPath\src\ListNode.java,ListNode,tail,3,0,0.0
C:\Users\mystn\eclipse-workspace\ShortestPath\src\ListNode.java,ListNode,toString,16,0,0.0
C:\Users\mystn\eclipse-workspace\ShortestPath\src\Node.java,Node,data,3,0,0.0
C:\Users\mystn\eclipse-workspace\ShortestPath\src\Node.java,Node,next,3,0,0.0
C:\Users\mystn\eclipse-workspace\ShortestPath\src\Node.java,Node,setNext,3,0,0.0
C:\Users\mystn\eclipse-workspace\ShortestPath\src\Node.java,Node,setData,3,0,0.0
C:\Users\mystn\eclipse-workspace\ShortestPath\src\Point.java,Point,setBlocked,3,0,0.0
C:\Users\mystn\eclipse-workspace\ShortestPath\src\Point.java,Point,setFlagged,3,0,0.0
C:\Users\mystn\eclipse-workspace\ShortestPath\src\Point.java,Point,getX,3,0,0.0
C:\Users\mystn\eclipse-workspace\ShortestPath\src\Point.java,Point,getY,3,0,0.0
C:\Users\mystn\eclipse-workspace\ShortestPath\src\Point.java,Point,getShortestLength,3,0,0.0
C:\Users\mystn\eclipse-workspace\ShortestPath\src\Point.java,Point,setShortestLength,3,0,0.0
C:\Users\mystn\eclipse-workspace\ShortestPath\src\Point.java,Point,isBlocked,3,0,0.0
C:\Users\mystn\eclipse-workspace\ShortestPath\src\Point.java,Point,isFlagged,3,0,0.0
C:\Users\mystn\eclipse-workspace\ShortestPath\src\Point.java,Point,setShortest,3,0,0.0
C:\Users\mystn\eclipse-workspace\ShortestPath\src\Point.java,Point,isShortest,3,0,0.0
C:\Users\mystn\eclipse-workspace\ShortestPath\src\Point.java,Point,setParent,3,0,0.0
C:\Users\mystn\eclipse-workspace\ShortestPath\src\Point.java,Point,parent,3,0,0.0
C:\Users\mystn\eclipse-workspace\ShortestPath\src\Point.java,Point,setStart,8,0,0.0
C:\Users\mystn\eclipse-workspace\ShortestPath\src\Point.java,Point,isStart,3,0,0.0
C:\Users\mystn\eclipse-workspace\ShortestPath\src\Point.java,Point,setFinish,8,0,0.0
C:\Users\mystn\eclipse-workspace\ShortestPath\src\Point.java,Point,isFinish,3,0,0.0
C:\Users\mystn\eclipse-workspace\ShortestPath\src\Point.java,Point,toString,17,0,0.0
C:\Users\mystn\eclipse-workspace\ShortestPath\src\Point.java,Point,getCoord,3,0,0.0
C:\Users\mystn\eclipse-workspace\ShortestPath\src\ShortestPath.java,ShortestPath,findShortestPath,13,0,0.0
C:\Users\mystn\eclipse-workspace\ShortestPath\src\ShortestPath.java,ShortestPath,setPath,8,0,0.0
C:\Users\mystn\eclipse-workspace\ShortestPath\src\ShortestPath.java,ShortestPath,recursiveFind,60,7,0.11666666666666667
C:\Users\mystn\eclipse-workspace\ShortestPath\src\ShortestPath.java,ShortestPath,printVect,9,0,0.0
C:\Users\mystn\eclipse-workspace\ShortestPath\src\ShortestPath.java,ShortestPath,main,48,12,0.25
C:\Users\mystn\eclipse-workspace\VariousTests\src\HuitReines.java,HuitReines,securitaire,11,0,0.0
C:\Users\mystn\eclipse-workspace\VariousTests\src\HuitReines.java,HuitReines,placer,23,6,0.2608695652173913
C:\Users\mystn\eclipse-workspace\VariousTests\src\HuitReines.java,HuitReines,afficher,8,0,0.0
C:\Users\mystn\eclipse-workspace\VariousTests\src\ListeChaineDouble.java,ListeChaineDouble,getPremierNoeud,3,0,0.0
C:\Users\mystn\eclipse-workspace\VariousTests\src\ListeChaineDouble.java,ListeChaineDouble,setPremierNoeud,3,0,0.0
C:\Users\mystn\eclipse-workspace\VariousTests\src\ListeChaineDouble.java,ListeChaineDouble,size,9,0,0.0
C:\Users\mystn\eclipse-workspace\VariousTests\src\ListeChaineDouble.java,ListeChaineDouble,isEmpty,3,0,0.0
C:\Users\mystn\eclipse-workspace\VariousTests\src\ListeChaineDouble.java,ListeChaineDouble,afficher,9,0,0.0
C:\Users\mystn\eclipse-workspace\VariousTests\src\ListeChaineDouble.java,ListeChaineDouble,afficherOrdreInverse,12,0,0.0
C:\Users\mystn\eclipse-workspace\VariousTests\src\ListeChaineDouble.java,ListeChaineDouble,afficherOrdreInverseRec,6,0,0.0
C:\Users\mystn\eclipse-workspace\VariousTests\src\ListeChaineDouble.java,ListeChaineDouble,afficherOrdreInverseRec,13,0,0.0
C:\Users\mystn\eclipse-workspace\VariousTests\src\ListeChaineDouble.java,ListeChaineDouble,ajout,11,0,0.0
C:\Users\mystn\eclipse-workspace\VariousTests\src\ListeChaineDouble.java,ListeChaineDouble,ajout,23,0,0.0
C:\Users\mystn\eclipse-workspace\VariousTests\src\ListeChaineDouble.java,ListeChaineDouble,inverser,14,0,0.0
C:\Users\mystn\eclipse-workspace\VariousTests\src\ListeChaineDouble.java,ListeChaineDouble,main,21,0,0.0
C:\Users\mystn\eclipse-workspace\VariousTests\src\Mangeable.java,Mangeable,manger,1,0,0.0
C:\Users\mystn\eclipse-workspace\VariousTests\src\Mangeable2.java,Mangeable2,manger2,1,0,0.0
C:\Users\mystn\eclipse-workspace\VariousTests\src\NoeudChaineDouble.java,NoeudChaineDouble,getValue,3,0,0.0
C:\Users\mystn\eclipse-workspace\VariousTests\src\NoeudChaineDouble.java,NoeudChaineDouble,getPrecedentNoeud,3,0,0.0
C:\Users\mystn\eclipse-workspace\VariousTests\src\NoeudChaineDouble.java,NoeudChaineDouble,getProchainNoeud,3,0,0.0
C:\Users\mystn\eclipse-workspace\VariousTests\src\NoeudChaineDouble.java,NoeudChaineDouble,setValue,3,0,0.0
C:\Users\mystn\eclipse-workspace\VariousTests\src\NoeudChaineDouble.java,NoeudChaineDouble,setPrecedentNoeud,3,0,0.0
C:\Users\mystn\eclipse-workspace\VariousTests\src\NoeudChaineDouble.java,NoeudChaineDouble,setProchainNoeud,3,0,0.0
C:\Users\mystn\eclipse-workspace\VariousTests\src\Nourriture.java,Nourriture,manger,1,0,0.0
C:\Users\mystn\eclipse-workspace\VariousTests\src\Sandwich.java,Sandwich,manger,4,0,0.0
C:\Users\mystn\eclipse-workspace\VariousTests\src\Sub.java,Sub,manger,4,0,0.0
C:\Users\mystn\eclipse-workspace\VariousTests\src\TestAbs.java,TestAbs,TestAbs,3,0,0.0
C:\Users\mystn\eclipse-workspace\VariousTests\src\TestAbs.java,TestAbs,TestAbs,3,0,0.0
C:\Users\mystn\eclipse-workspace\VariousTests\src\TestC.java,TestC,manger,3,0,0.0
C:\Users\mystn\eclipse-workspace\VariousTests\src\TestC.java,TestC,manger2,3,0,0.0
C:\Users\mystn\eclipse-workspace\VariousTests\src\TestHuitReines.java,TestHuitReines,main,5,0,0.0
C:\Users\mystn\eclipse-workspace\VariousTests\src\TestManger.java,TestManger,main,39,19,0.48717948717948717
C:\Users\mystn\eclipse-workspace\VariousTests\src\TestRecherche.java,TestRecherche,trouver,5,0,0.0
C:\Users\mystn\eclipse-workspace\VariousTests\src\TestRecherche.java,TestRecherche,trouver_rec,20,5,0.25
C:\Users\mystn\eclipse-workspace\VariousTests\src\TestRecherche.java,TestRecherche,main,12,2,0.16666666666666666
C:\Users\mystn\eclipse-workspace\VariousTests\src\Tokenizer.java,Tokenizer,lireFichier,12,2,0.16666666666666666
C:\Users\mystn\eclipse-workspace\VariousTests\src\Tokenizer.java,Tokenizer,createTokens,4,0,0.0
C:\Users\mystn\eclipse-workspace\VariousTests\src\Tokenizer.java,Tokenizer,main,8,0,0.0
C:\Users\mystn\eclipse-workspace\VariousTests\src\TriangleMethode.java,TriangleMethode,hypothenuse,3,0,0.0
C:\Users\mystn\eclipse-workspace\VariousTests\src\TriangleMethode.java,TriangleMethode,aire,3,0,0.0
C:\Users\mystn\eclipse-workspace\VariousTests\src\TriangleMethodePrivate.java,TriangleMethodePrivate,hypothenuse,3,0,0.0
C:\Users\mystn\eclipse-workspace\VariousTests\src\TriangleMethodePrivate.java,TriangleMethodePrivate,aire,3,0,0.0
C:\Users\mystn\eclipse-workspace\VariousTests\src\TriangleRecPrivate.java,TriangleRecPrivate,getBase,3,0,0.0
C:\Users\mystn\eclipse-workspace\VariousTests\src\TriangleRecPrivate.java,TriangleRecPrivate,getHauteur,3,0,0.0
C:\Users\mystn\eclipse-workspace\VariousTests\src\VariousTests.java,VariousTests,main,68,3,0.04411764705882353
C:\Users\mystn\eclipse-workspace\VariousTests\src\VariousTests.java,VariousTests,trie,8,0,0.0
C:\Users\mystn\eclipse-workspace\VariousTests\src\VariousTests.java,VariousTests,insert,15,0,0.0
C:\Users\mystn\eclipse-workspace\VariousTests\src\VariousTests.java,VariousTests,test4,11,0,0.0
C:\Users\mystn\eclipse-workspace\VariousTests\src\VariousTests.java,VariousTests,test1,13,3,0.23076923076923078
C:\Users\mystn\eclipse-workspace\VariousTests\src\VariousTests.java,VariousTests,echange,18,5,0.2777777777777778
C:\Users\mystn\eclipse-workspace\VariousTests\src\VariousTests.java,VariousTests,echange,18,5,0.2777777777777778
C:\Users\mystn\eclipse-workspace\VariousTests\src\VariousTests.java,VariousTests,test3,7,0,0.0
C:\Users\mystn\eclipse-workspace\X\src\testX.java,testX,main,7,0,0.0
C:\Users\mystn\eclipse-workspace\X\src\X.java,X,f,5,1,0.2
C:\Users\mystn\eclipse-workspace\X\src\X.java,X,g,7,1,0.14285714285714285
C:\Users\mystn\eclipse-workspace\X\src\X.java,X,k,10,4,0.4
C:\Users\mystn\eclipse-workspace\X\src\X.java,X,m,9,2,0.2222222222222222
